{
  "tiles": [
    {
      "id": "ptv3_torrey",
      "kind": "classified",
      "count": 1602839,
      "bounds": {
        "min": [
          -302.42950439453125,
          -196.04949951171875,
          0.017999999225139618
        ],
        "max": [
          302.42950439453125,
          196.20050048828125,
          47.68000030517578
        ]
      },
      "offset": [
        -6564794.721518863,
        12677230.2632357,
        -1.9443349011316897
      ],
      "voxel": 0.2,
      "classes": {
        "0": 362774,
        "1": 229851,
        "2": 577686,
        "3": 377832,
        "6": 45079,
        "7": 7287,
        "8": 126,
        "9": 794,
        "10": 1164,
        "11": 232,
        "12": 14
      },
      "chunks": [
        {
          "file": "ptv3_torrey.bin",
          "count": 1602839
        }
      ]
    },
    {
      "id": "ptv3_beacons",
      "kind": "classified",
      "count": 4625951,
      "bounds": {
        "min": [
          -564.8685302734375,
          -238.39199829101562,
          0.0
        ],
        "max": [
          564.8665161132812,
          238.39199829101562,
          55.98500061035156
        ]
      },
      "offset": [
        -6537637.967549734,
        12670312.8728583,
        -7.990235799796881
      ],
      "voxel": 0.2,
      "classes": {
        "0": 1099138,
        "1": 178559,
        "2": 235608,
        "3": 610534,
        "6": 7811,
        "7": 49502,
        "8": 273178,
        "9": 1724,
        "10": 617666,
        "11": 1493363,
        "12": 58868
      },
      "chunks": [
        {
          "file": "ptv3_beacons.bin",
          "count": 4625951
        }
      ]
    },
    {
      "id": "ptv3_carlsbad",
      "kind": "classified",
      "count": 2234707,
      "bounds": {
        "min": [
          -388.0765075683594,
          -100.61699676513672,
          0.0
        ],
        "max": [
          388.1235046386719,
          100.61699676513672,
          28.88599967956543
        ]
      },
      "offset": [
        -6525877.134350034,
        12668300.07987939,
        -6.826213992357254
      ],
      "voxel": 0.2,
      "classes": {
        "0": 1209548,
        "1": 6016,
        "2": 292598,
        "3": 113377,
        "6": 11033,
        "7": 3123,
        "8": 8673,
        "9": 495,
        "10": 433818,
        "11": 148804,
        "12": 7222
      },
      "chunks": [
        {
          "file": "ptv3_carlsbad.bin",
          "count": 2234707
        }
      ]
    },
    {
      "id": "ptv3_swamis",
      "kind": "classified",
      "count": 3257987,
      "bounds": {
        "min": [
          -411.489013671875,
          -209.593505859375,
          0.0
        ],
        "max": [
          411.489013671875,
          209.60549926757812,
          64.63099670410156
        ]
      },
      "offset": [
        -6542757.0327773485,
        12671381.030341495,
        -10.112293128281832
      ],
      "voxel": 0.2,
      "classes": {
        "0": 1141060,
        "1": 92746,
        "2": 135633,
        "3": 801,
        "6": 219650,
        "7": 40517,
        "8": 25280,
        "9": 390,
        "10": 781471,
        "11": 783216,
        "12": 37223
      },
      "chunks": [
        {
          "file": "ptv3_swamis.bin",
          "count": 3257987
        }
      ]
    },
    {
      "id": "encinitas_veg_sample_v2_0091469",
      "count": 140926,
      "bounds": {
        "min": [
          -83.76750183105469,
          -19.999500274658203,
          0.0
        ],
        "max": [
          83.74250030517578,
          19.999500274658203,
          35.677001953125
        ]
      },
      "offset": [
        -76.8354983329773,
        67.46950149536133,
        0.18521641194820404
      ],
      "voxel": 0.2,
      "classes": {
        "0": 30656,
        "1": 263,
        "2": 8311,
        "3": 17608,
        "6": 381,
        "8": 27222,
        "9": 75,
        "10": 6930,
        "11": 49480
      },
      "chunks": [
        {
          "file": "encinitas_veg_sample_v2_0091469.bin",
          "count": 140926
        }
      ]
    },
    {
      "id": "encinitas_veg_sample_v2_0091471",
      "count": 121966,
      "bounds": {
        "min": [
          -55.49449920654297,
          -19.999496459960938,
          0.0
        ],
        "max": [
          55.49449920654297,
          19.999496459960938,
          42.58300018310547
        ]
      },
      "offset": [
        -90.75749969482422,
        147.46949768066406,
        0.4042164087295532
      ],
      "voxel": 0.2,
      "classes": {
        "0": 30220,
        "1": 57,
        "2": 9219,
        "3": 18460,
        "8": 23096,
        "10": 28749,
        "11": 8723,
        "12": 3442
      },
      "chunks": [
        {
          "file": "encinitas_veg_sample_v2_0091471.bin",
          "count": 121966
        }
      ]
    },
    {
      "id": "ponto_veg_sample_0091515",
      "count": 70052,
      "bounds": {
        "min": [
          -48.61250305175781,
          -19.999496459960938,
          0.0
        ],
        "max": [
          48.59850311279297,
          19.999496459960938,
          9.218000411987305
        ]
      },
      "offset": [
        -42.758501052856445,
        125.76249694824219,
        -0.9506159424781799
      ],
      "voxel": 0.2,
      "classes": {
        "0": 39783,
        "1": 6509,
        "3": 23698,
        "9": 62
      },
      "chunks": [
        {
          "file": "ponto_veg_sample_0091515.bin",
          "count": 70052
        }
      ]
    },
    {
      "id": "ponto_veg_sample_0091519",
      "count": 86250,
      "bounds": {
        "min": [
          -41.45949935913086,
          -19.999496459960938,
          0.008000016212463379
        ],
        "max": [
          41.3494987487793,
          19.997512817382812,
          6.825999736785889
        ]
      },
      "offset": [
        -60.84949970245361,
        285.7624969482422,
        0.33838406205177307
      ],
      "voxel": 0.2,
      "classes": {
        "0": 68031,
        "1": 260,
        "3": 17833,
        "9": 126
      },
      "chunks": [
        {
          "file": "ponto_veg_sample_0091519.bin",
          "count": 86250
        }
      ]
    },
    {
      "id": "sanelijo_veg_sample_v2_0091330",
      "count": 184331,
      "bounds": {
        "min": [
          -175.4235076904297,
          -19.99950408935547,
          0.0
        ],
        "max": [
          175.4235076904297,
          19.99950408935547,
          38.36199951171875
        ]
      },
      "offset": [
        120.96550369262695,
        185.1344985961914,
        0.49449142813682556
      ],
      "voxel": 0.2,
      "classes": {
        "0": 85833,
        "2": 37663,
        "8": 21591,
        "9": 66,
        "12": 39178
      },
      "chunks": [
        {
          "file": "sanelijo_veg_sample_v2_0091330.bin",
          "count": 184331
        }
      ]
    },
    {
      "id": "sanelijo_veg_sample_v2_0091333",
      "count": 92486,
      "bounds": {
        "min": [
          -171.9080047607422,
          -19.999496459960938,
          0.0
        ],
        "max": [
          171.9080047607422,
          19.999496459960938,
          32.29800033569336
        ]
      },
      "offset": [
        57.13100051879883,
        305.13450622558594,
        -0.45050856471061707
      ],
      "voxel": 0.2,
      "classes": {
        "0": 71563,
        "1": 71,
        "2": 7390,
        "8": 6084,
        "11": 1122,
        "12": 6256
      },
      "chunks": [
        {
          "file": "sanelijo_veg_sample_v2_0091333.bin",
          "count": 92486
        }
      ]
    },
    {
      "id": "sanelijo_veg_sample_v2_0091337",
      "count": 116719,
      "bounds": {
        "min": [
          -91.61849975585938,
          -19.999496459960938,
          0.004999999888241291
        ],